{
  "data": [
    {
      "moonrise_ts": 1634918569,
      "wind_cdir": "WSW",
      "rh": 79,
      "pres": 997.285,
      "high_temp": 10.1,
      "sunset_ts": 1634916716,
      "ozone": 311.875,
      "moon_phase": 0.973638,
      "wind_gust_spd": 22.3039,
      "snow_depth": 0,
      "clouds": 89,
      "ts": 1634853660,
      "sunrise_ts": 1634880366,
      "app_min_temp": 8,
      "wind_spd": 12.8358,
      "pop": 85,
      "wind_cdir_full": "west-southwest",
      "slp": 997.736,
      "moon_phase_lunation": 0.53,
      "valid_date": "2021-10-22",
      "app_max_temp": 10.1,
      "vis": 23.9473,
      "dewpt": 5.6,
      "snow": 0,
      "uv": 1.2078,
      "weather": {
        "icon": "r01d",
        "code": 500,
        "description": "Light rain"
      },
      "wind_dir": 250,
      "max_dhi": null,
      "clouds_hi": 41,
      "precip": 6.71289,
      "low_temp": 7.8,
      "max_temp": 10.1,
      "moonset_ts": 1634887130,
      "datetime": "2021-10-22",
      "temp": 9,
      "min_temp": 8,
      "clouds_mid": 68,
      "clouds_low": 68
    },
    {
      "moonrise_ts": 1635005792,
      "wind_cdir": "WNW",
      "rh": 76,
      "pres": 1012.13,
      "high_temp": 9.7,
      "sunset_ts": 1635002981,
      "ozone": 308.406,
      "moon_phase": 0.932488,
      "wind_gust_spd": 15.9818,
      "snow_depth": 0,
      "clouds": 79,
      "ts": 1634940060,
      "sunrise_ts": 1634966883,
      "app_min_temp": 7.8,
      "wind_spd": 9.55173,
      "pop": 90,
      "wind_cdir_full": "west-northwest",
      "slp": 1012.59,
      "moon_phase_lunation": 0.56,
      "valid_date": "2021-10-23",
      "app_max_temp": 9.7,
      "vis": 22.928,
      "dewpt": 4.6,
      "snow": 0,
      "uv": 1.6701,
      "weather": {
        "icon": "r01d",
        "code": 500,
        "description": "Light rain"
      },
      "wind_dir": 299,
      "max_dhi": null,
      "clouds_hi": 0,
      "precip": 7.68945,
      "low_temp": 8,
      "max_temp": 9.7,
      "moonset_ts": 1634978018,
      "datetime": "2021-10-23",
      "temp": 8.6,
      "min_temp": 7.8,
      "clouds_mid": 46,
      "clouds_low": 61
    },
    {
      "moonrise_ts": 1635093252,
      "wind_cdir": "WSW",
      "rh": 69,
      "pres": 1027.98,
      "high_temp": 10.8,
      "sunset_ts": 1635089248,
      "ozone": 262.427,
      "moon_phase": 0.874612,
      "wind_gust_spd": 10.3207,
      "snow_depth": 0,
      "clouds": 69,
      "ts": 1635026460,
      "sunrise_ts": 1635053401,
      "app_min_temp": 8,
      "wind_spd": 4.23616,
      "pop": 20,
      "wind_cdir_full": "west-southwest",
      "slp": 1028.43,
      "moon_phase_lunation": 0.6,
      "valid_date": "2021-10-24",
      "app_max_temp": 10.8,
      "vis": 24.128,
      "dewpt": 3.8,
      "snow": 0,
      "uv": 1.49095,
      "weather": {
        "icon": "c03d",
        "code": 803,
        "description": "Broken clouds"
      },
      "wind_dir": 248,
      "max_dhi": null,
      "clouds_hi": 46,
      "precip": 0.0195312,
      "low_temp": 7.5,
      "max_temp": 10.8,
      "moonset_ts": 1635068795,
      "datetime": "2021-10-24",
      "temp": 9.1,
      "min_temp": 8,
      "clouds_mid": 26,
      "clouds_low": 18
    },
    {
      "moonrise_ts": 1635181085,
      "wind_cdir": "SSW",
      "rh": 64,
      "pres": 1013.73,
      "high_temp": 11.2,
      "sunset_ts": 1635175516,
      "ozone": 237.573,
      "moon_phase": 0.802614,
      "wind_gust_spd": 13.7031,
      "snow_depth": 0,
      "clouds": 31,
      "ts": 1635112860,
      "sunrise_ts": 1635139920,
      "app_min_temp": 0.5,
      "wind_spd": 4.89998,
      "pop": 0,
      "wind_cdir_full": "south-southwest",
      "slp": 1023.52,
      "moon_phase_lunation": 0.63,
      "valid_date": "2021-10-25",
      "app_max_temp": 11.2,
      "vis": 24.128,
      "dewpt": 0.6,
      "snow": 0,
      "uv": 2.43349,
      "weather": {
        "icon": "c02d",
        "code": 802,
        "description": "Scattered clouds"
      },
      "wind_dir": 199,
      "max_dhi": null,
      "clouds_hi": 31,
      "precip": 0,
      "low_temp": 4.3,
      "max_temp": 11.3,
      "moonset_ts": 1635159267,
      "datetime": "2021-10-25",
      "temp": 7.2,
      "min_temp": 4.3,
      "clouds_mid": 11,
      "clouds_low": 0
    },
    {
      "moonrise_ts": 1635269474,
      "wind_cdir": "WSW",
      "rh": 72,
      "pres": 1009.25,
      "high_temp": 13.8,
      "sunset_ts": 1635261785,
      "ozone": 261.972,
      "moon_phase": 0.719298,
      "wind_gust_spd": 12.5938,
      "snow_depth": 0,
      "clouds": 80,
      "ts": 1635199260,
      "sunrise_ts": 1635226438,
      "app_min_temp": 3.4,
      "wind_spd": 4.84917,
      "pop": 0,
      "wind_cdir_full": "west-southwest",
      "slp": 1019,
      "moon_phase_lunation": 0.66,
      "valid_date": "2021-10-26",
      "app_max_temp": 12.9,
      "vis": 24.128,
      "dewpt": 4.7,
      "snow": 0,
      "uv": 2.27661,
      "weather": {
        "icon": "c04d",
        "code": 804,
        "description": "Overcast clouds"
      },
      "wind_dir": 252,
      "max_dhi": null,
      "clouds_hi": 57,
      "precip": 0,
      "low_temp": 7.6,
      "max_temp": 12.9,
      "moonset_ts": 1635249189,
      "datetime": "2021-10-26",
      "temp": 9.5,
      "min_temp": 6.6,
      "clouds_mid": 72,
      "clouds_low": 25
    },
    {
      "moonrise_ts": 1635358598,
      "wind_cdir": "WSW",
      "rh": 85,
      "pres": 1009.69,
      "high_temp": 15.5,
      "sunset_ts": 1635348055,
      "ozone": 248.422,
      "moon_phase": 0.627456,
      "wind_gust_spd": 12.3984,
      "snow_depth": 0,
      "clouds": 85,
      "ts": 1635285660,
      "sunrise_ts": 1635312957,
      "app_min_temp": 10.1,
      "wind_spd": 5.01307,
      "pop": 25,
      "wind_cdir_full": "west-southwest",
      "slp": 1019.19,
      "moon_phase_lunation": 0.7,
      "valid_date": "2021-10-27",
      "app_max_temp": 13.8,
      "vis": 24.128,
      "dewpt": 9.1,
      "snow": 0,
      "uv": 0.709634,
      "weather": {
        "icon": "c04d",
        "code": 804,
        "description": "Overcast clouds"
      },
      "wind_dir": 252,
      "max_dhi": null,
      "clouds_hi": 76,
      "precip": 0.375,
      "low_temp": 9,
      "max_temp": 14.2,
      "moonset_ts": 1635338390,
      "datetime": "2021-10-27",
      "temp": 11.6,
      "min_temp": 9.9,
      "clouds_mid": 27,
      "clouds_low": 66
    },
    {
      "moonrise_ts": 1635448520,
      "wind_cdir": "SW",
      "rh": 83,
      "pres": 1012.12,
      "high_temp": 13.1,
      "sunset_ts": 1635434327,
      "ozone": 241.859,
      "moon_phase": 0.529766,
      "wind_gust_spd": 10.5078,
      "snow_depth": 0,
      "clouds": 21,
      "ts": 1635372060,
      "sunrise_ts": 1635399476,
      "app_min_temp": 9,
      "wind_spd": 3.19325,
      "pop": 0,
      "wind_cdir_full": "southwest",
      "slp": 1021.88,
      "moon_phase_lunation": 0.73,
      "valid_date": "2021-10-28",
      "app_max_temp": 15.5,
      "vis": 24.128,
      "dewpt": 8.5,
      "snow": 0,
      "uv": 1.95704,
      "weather": {
        "icon": "c02d",
        "code": 802,
        "description": "Scattered clouds"
      },
      "wind_dir": 226,
      "max_dhi": null,
      "clouds_hi": 21,
      "precip": 0,
      "low_temp": 7.3,
      "max_temp": 15.6,
      "moonset_ts": 1635426877,
      "datetime": "2021-10-28",
      "temp": 11.5,
      "min_temp": 9,
      "clouds_mid": 1,
      "clouds_low": 0
    },
    {
      "moonrise_ts": 1635539118,
      "wind_cdir": "S",
      "rh": 65,
      "pres": 1009,
      "high_temp": 13.4,
      "sunset_ts": 1635520600,
      "ozone": 261.562,
      "moon_phase": 0.429,
      "wind_gust_spd": 14,
      "snow_depth": 0,
      "clouds": 27,
      "ts": 1635458460,
      "sunrise_ts": 1635485995,
      "app_min_temp": 7.3,
      "wind_spd": 4.92093,
      "pop": 0,
      "wind_cdir_full": "south",
      "slp": 1018.62,
      "moon_phase_lunation": 0.77,
      "valid_date": "2021-10-29",
      "app_max_temp": 13.1,
      "vis": 24.128,
      "dewpt": 3.4,
      "snow": 0,
      "uv": 1.99508,
      "weather": {
        "icon": "c02d",
        "code": 802,
        "description": "Scattered clouds"
      },
      "wind_dir": 181,
      "max_dhi": null,
      "clouds_hi": 27,
      "precip": 0,
      "low_temp": 9,
      "max_temp": 13.1,
      "moonset_ts": 1635514799,
      "datetime": "2021-10-29",
      "temp": 9.8,
      "min_temp": 7.3,
      "clouds_mid": 0,
      "clouds_low": 0
    },
    {
      "moonrise_ts": 1635630161,
      "wind_cdir": "WSW",
      "rh": 76,
      "pres": 1009.44,
      "high_temp": 11.9,
      "sunset_ts": 1635606874,
      "ozone": 285.219,
      "moon_phase": 0.328439,
      "wind_gust_spd": 14.5078,
      "snow_depth": 0,
      "clouds": 61,
      "ts": 1635544860,
      "sunrise_ts": 1635572514,
      "app_min_temp": 9,
      "wind_spd": 5.07167,
      "pop": 50,
      "wind_cdir_full": "west-southwest",
      "slp": 1019.19,
      "moon_phase_lunation": 0.8,
      "valid_date": "2021-10-30",
      "app_max_temp": 13.4,
      "vis": 23.862,
      "dewpt": 6.3,
      "snow": 0,
      "uv": 1.90693,
      "weather": {
        "icon": "c03d",
        "code": 803,
        "description": "Broken clouds"
      },
      "wind_dir": 244,
      "max_dhi": null,
      "clouds_hi": 45,
      "precip": 0.9375,
      "low_temp": 7.5,
      "max_temp": 13.4,
      "moonset_ts": 1635602335,
      "datetime": "2021-10-30",
      "temp": 10.4,
      "min_temp": 8.3,
      "clouds_mid": 44,
      "clouds_low": 34
    },
    {
      "moonrise_ts": 1635635048,
      "wind_cdir": "SW",
      "rh": 81,
      "pres": 1010.43,
      "high_temp": 12.9,
      "sunset_ts": 1635693150,
      "ozone": 261.482,
      "moon_phase": 0.232244,
      "wind_gust_spd": 14.125,
      "snow_depth": 0,
      "clouds": 91,
      "ts": 1635631260,
      "sunrise_ts": 1635662634,
      "app_min_temp": 7.5,
      "wind_spd": 5.08,
      "pop": 85,
      "wind_cdir_full": "southwest",
      "slp": 1020.21,
      "moon_phase_lunation": 0.83,
      "valid_date": "2021-10-31",
      "app_max_temp": 11.9,
      "vis": 20.5189,
      "dewpt": 6.5,
      "snow": 0,
      "uv": 0.85285,
      "weather": {
        "icon": "r01d",
        "code": 500,
        "description": "Light rain"
      },
      "wind_dir": 219,
      "max_dhi": null,
      "clouds_hi": 91,
      "precip": 5.125,
      "low_temp": 9.7,
      "max_temp": 13,
      "moonset_ts": 1635689631,
      "datetime": "2021-10-31",
      "temp": 9.6,
      "min_temp": 7.5,
      "clouds_mid": 54,
      "clouds_low": 29
    },
    {
      "moonrise_ts": 1635725048,
      "wind_cdir": "WNW",
      "rh": 95,
      "pres": 1007,
      "high_temp": 11.6,
      "sunset_ts": 1635779428,
      "ozone": 249.188,
      "moon_phase": 0.145562,
      "wind_gust_spd": 14.2031,
      "snow_depth": 0,
      "clouds": 99,
      "ts": 1635721260,
      "sunrise_ts": 1635745553,
      "app_min_temp": 12.2,
      "wind_spd": 5.0694,
      "pop": 60,
      "wind_cdir_full": "west-northwest",
      "slp": 1016.5,
      "moon_phase_lunation": 0.87,
      "valid_date": "2021-11-01",
      "app_max_temp": 12.9,
      "vis": 12.1842,
      "dewpt": 11.8,
      "snow": 0,
      "uv": 0.515474,
      "weather": {
        "icon": "c04d",
        "code": 804,
        "description": "Overcast clouds"
      },
      "wind_dir": 293,
      "max_dhi": null,
      "clouds_hi": 89,
      "precip": 1.5625,
      "low_temp": 9.6,
      "max_temp": 12.9,
      "moonset_ts": 1635776793,
      "datetime": "2021-11-01",
      "temp": 12.6,
      "min_temp": 11.1,
      "clouds_mid": 0,
      "clouds_low": 88
    },
    {
      "moonrise_ts": 1635812870,
      "wind_cdir": "WSW",
      "rh": 94,
      "pres": 1014.25,
      "high_temp": 11,
      "sunset_ts": 1635865707,
      "ozone": 246.812,
      "moon_phase": 0.0743034,
      "wind_gust_spd": 4.90625,
      "snow_depth": 0,
      "clouds": 49,
      "ts": 1635807660,
      "sunrise_ts": 1635832073,
      "app_min_temp": 11.5,
      "wind_spd": 2.417,
      "pop": 0,
      "wind_cdir_full": "west-southwest",
      "slp": 1023.75,
      "moon_phase_lunation": 0.9,
      "valid_date": "2021-11-02",
      "app_max_temp": 12.7,
      "vis": 24.128,
      "dewpt": 11.1,
      "snow": 0,
      "uv": 0.550242,
      "weather": {
        "icon": "c03d",
        "code": 803,
        "description": "Broken clouds"
      },
      "wind_dir": 243,
      "max_dhi": null,
      "clouds_hi": 2,
      "precip": 0,
      "low_temp": 10,
      "max_temp": 16.5,
      "moonset_ts": 1635863905,
      "datetime": "2021-11-02",
      "temp": 12.1,
      "min_temp": 10.9,
      "clouds_mid": 0,
      "clouds_low": 49
    },
    {
      "moonrise_ts": 1635904411,
      "wind_cdir": "SW",
      "rh": 88,
      "pres": 1012.25,
      "high_temp": 10.4,
      "sunset_ts": 1635951987,
      "ozone": 255.688,
      "moon_phase": 0.0245097,
      "wind_gust_spd": 8.29688,
      "snow_depth": 0,
      "clouds": 0,
      "ts": 1635894060,
      "sunrise_ts": 1635918593,
      "app_min_temp": 11,
      "wind_spd": 2.81903,
      "pop": 0,
      "wind_cdir_full": "southwest",
      "slp": 1022,
      "moon_phase_lunation": 0.94,
      "valid_date": "2021-11-03",
      "app_max_temp": 12,
      "vis": 24.128,
      "dewpt": 9.5,
      "snow": 0,
      "uv": 1.63452,
      "weather": {
        "icon": "c01d",
        "code": 800,
        "description": "Clear Sky"
      },
      "wind_dir": 235,
      "max_dhi": null,
      "clouds_hi": 0,
      "precip": 0,
      "low_temp": 9.7,
      "max_temp": 16.3,
      "moonset_ts": 1635951044,
      "datetime": "2021-11-03",
      "temp": 11.5,
      "min_temp": 9.7,
      "clouds_mid": 0,
      "clouds_low": 0
    },
    {
      "moonrise_ts": 1635996108,
      "wind_cdir": "SW",
      "rh": 86,
      "pres": 1007,
      "high_temp": 15.4,
      "sunset_ts": 1636038270,
      "ozone": 265,
      "moon_phase": 0.0014024,
      "wind_gust_spd": 2.4082,
      "snow_depth": 0,
      "clouds": 3,
      "ts": 1635980460,
      "sunrise_ts": 1636005113,
      "app_min_temp": 9.7,
      "wind_spd": 2.00177,
      "pop": 0,
      "wind_cdir_full": "southwest",
      "slp": 1016.75,
      "moon_phase_lunation": 0.97,
      "valid_date": "2021-11-04",
      "app_max_temp": 11.6,
      "vis": 24.128,
      "dewpt": 8.5,
      "snow": 0,
      "uv": 0,
      "weather": {
        "icon": "c02d",
        "code": 801,
        "description": "Few clouds"
      },
      "wind_dir": 235,
      "max_dhi": null,
      "clouds_hi": 1,
      "precip": 0,
      "low_temp": 9.6,
      "max_temp": 15.4,
      "moonset_ts": 1636038296,
      "datetime": "2021-11-04",
      "temp": 10.6,
      "min_temp": 9.6,
      "clouds_mid": 3,
      "clouds_low": 0
    },
    {
      "moonrise_ts": 1636088020,
      "wind_cdir": "SW",
      "rh": 88,
      "pres": 1000.75,
      "high_temp": 15,
      "sunset_ts": 1636124554,
      "ozone": 275.5,
      "moon_phase": 0.00833323,
      "wind_gust_spd": 8.5,
      "snow_depth": 0,
      "clouds": 0,
      "ts": 1636066860,
      "sunrise_ts": 1636091632,
      "app_min_temp": 9.6,
      "wind_spd": 2.88773,
      "pop": 0,
      "wind_cdir_full": "southwest",
      "slp": 1010.25,
      "moon_phase_lunation": 0,
      "valid_date": "2021-11-05",
      "app_max_temp": 11,
      "vis": 24.128,
      "dewpt": 8.5,
      "snow": 0,
      "uv": 0,
      "weather": {
        "icon": "c01d",
        "code": 800,
        "description": "Clear Sky"
      },
      "wind_dir": 235,
      "max_dhi": null,
      "clouds_hi": 0,
      "precip": 0,
      "low_temp": 9.6,
      "max_temp": 15,
      "moonset_ts": 1636125786,
      "datetime": "2021-11-05",
      "temp": 10.3,
      "min_temp": 9.6,
      "clouds_mid": 0,
      "clouds_low": 0
    },
    {
      "moonrise_ts": 1636180158,
      "wind_cdir": "WSW",
      "rh": 80,
      "pres": 998,
      "high_temp": 13.8,
      "sunset_ts": 1636210840,
      "ozone": 291.375,
      "moon_phase": 0.0460018,
      "wind_gust_spd": 10.1953,
      "snow_depth": 0,
      "clouds": 82,
      "ts": 1636153260,
      "sunrise_ts": 1636178152,
      "app_min_temp": 10,
      "wind_spd": 4.28132,
      "pop": 0,
      "wind_cdir_full": "west-southwest",
      "slp": 1007.5,
      "moon_phase_lunation": 0.04,
      "valid_date": "2021-11-06",
      "app_max_temp": 10.4,
      "vis": 24.128,
      "dewpt": 6.8,
      "snow": 0,
      "uv": 0,
      "weather": {
        "icon": "c04d",
        "code": 804,
        "description": "Overcast clouds"
      },
      "wind_dir": 248,
      "max_dhi": null,
      "clouds_hi": 0,
      "precip": 0,
      "low_temp": 10.4,
      "max_temp": 13.8,
      "moonset_ts": 1636213712,
      "datetime": "2021-11-06",
      "temp": 10.2,
      "min_temp": 10,
      "clouds_mid": 46,
      "clouds_low": 68
    }
  ],
  "city_name": "Jastarnia",
  "lon": "18.67873",
  "timezone": "Europe/Warsaw",
  "lat": "54.69606",
  "country_code": "PL",
  "state_code": "82"
}