<?xml version="1.0" encoding="UTF-8"?>
<configuration>

    <appender name="Console"
              class="ch.qos.logback.core.ConsoleAppender">
        <layout class="ch.qos.logback.classic.PatternLayout">
            <Pattern>
                %black(%d{ISO8601}) %highlight(%-5level) [%blue(%t)] %yellow(%C{1.}): %msg%n%throwable
            </Pattern>
        </layout>
    </appender>

    <root level="info">
        <appender-ref ref="Console" />
    </root>

<!--    <logger name="org.springframework" level="debug" additivity="false">-->
<!--        <appender-ref ref="Console" />-->
<!--    </logger>-->

</configuration>